frame,timestamp,image_x,image_y,pitch_x,pitch_y,confidence,homography_inliers
0,0.0,,,,,,6
1,0.04,1622.75,420.0,47.55961990356445,11.486279487609863,0.67236328125,7
2,0.08,1622.75,420.0,47.15385818481445,11.642223358154297,0.68017578125,6
3,0.12,1622.5,420.0,57.32286071777344,0.3382056951522827,0.6748046875,6
4,0.16,1622.5,420.0,47.223426818847656,11.499876976013184,0.67724609375,6
5,0.2,1622.5,420.0,46.64998245239258,11.564562797546387,0.6806640625,7
6,0.24,1622.5,420.0,47.12746810913086,11.710378646850586,0.67919921875,7
7,0.28,1622.5,420.0,46.7037239074707,11.549234390258789,0.68017578125,7
8,0.32,1622.5,420.0,46.99086380004883,11.939738273620605,0.6884765625,6
9,0.36,1622.5,420.0,43.27454376220703,12.023017883300781,0.6806640625,6
10,0.4,1622.5,420.0,46.563331604003906,12.01147174835205,0.67919921875,7
11,0.44,1622.5,420.0,46.54218673706055,11.591180801391602,0.69287109375,7
12,0.48,1622.5,420.0,46.421714782714844,11.60767650604248,0.69921875,7
13,0.52,1622.5,420.0,46.676475524902344,11.550418853759766,0.69189453125,7
14,0.56,1622.5,420.0,46.791351318359375,11.972227096557617,0.7001953125,7
15,0.6,1622.5,420.0,46.891292572021484,11.958197593688965,0.68603515625,7
16,0.64,1622.5,420.0,46.6162223815918,12.002129554748535,0.689453125,7
17,0.68,1622.5,420.0,46.72975158691406,11.983341217041016,0.6943359375,6
18,0.72,1622.5,420.0,47.15187072753906,11.711999893188477,0.69580078125,7
19,0.76,1622.5,420.0,,,0.6884765625,6
20,0.8,1622.5,420.0,,,0.6875,6
21,0.84,1622.5,420.0,46.64983367919922,11.976284980773926,0.68603515625,7
22,0.88,1622.5,420.0,46.70494842529297,11.98031234741211,0.673828125,7
23,0.92,1622.5,420.0,46.2424430847168,11.641410827636719,0.67724609375,7
24,0.96,1622.5,420.0,45.119773864746094,11.804101943969727,0.6806640625,6
25,1.0,1622.5,420.0,44.90275573730469,11.542048454284668,0.66357421875,6
26,1.04,1622.5,420.0,44.7170524597168,11.479865074157715,0.662109375,6
27,1.08,1622.75,420.0,44.78353500366211,11.611852645874023,0.642578125,6
28,1.12,1622.5,420.0,45.7730598449707,11.520479202270508,0.6494140625,6
29,1.16,1622.5,420.0,45.85734558105469,11.079215049743652,0.63232421875,6
30,1.2,1622.5,420.0,43.92832946777344,11.536832809448242,0.6591796875,6
31,1.24,1622.75,420.0,43.95282745361328,11.52660846710205,0.62158203125,6
32,1.28,1622.75,420.0,,,0.6533203125,6
33,1.32,1622.75,420.0,43.79991149902344,11.556357383728027,0.638671875,6
34,1.36,1623.125,420.0,43.60930252075195,11.701729774475098,0.61865234375,6
35,1.4,1622.75,420.0,43.285762786865234,11.794759750366211,0.61669921875,6
36,1.44,1622.75,420.0,,,0.65234375,6
37,1.48,1622.75,420.0,43.066436767578125,11.720947265625,0.6689453125,6
38,1.52,1622.75,420.0,40.50837707519531,12.076560974121094,0.6669921875,7
39,1.56,1623.125,420.0,43.38896560668945,11.857062339782715,0.630859375,6
40,1.6,1623.125,420.0,39.888999938964844,11.903435707092285,0.625,7
41,1.64,1623.125,420.0,39.94872283935547,11.86846923828125,0.62158203125,7
42,1.68,1623.125,420.0,39.942623138427734,11.878697395324707,0.6396484375,7
43,1.72,1623.125,420.0,42.54785919189453,11.551499366760254,0.62060546875,6
44,1.76,1623.75,420.0,42.60651397705078,11.527142524719238,0.548828125,6
45,1.8,1624.5,420.0,42.5367431640625,11.649256706237793,0.48828125,6
46,1.84,1623.75,420.25,39.26985168457031,12.276628494262695,0.325439453125,7
47,1.88,1623.375,420.375,39.224517822265625,12.032821655273438,0.46484375,7
48,1.92,1623.125,420.625,39.34166717529297,12.302574157714844,0.36474609375,7
49,1.96,1625.875,424.125,41.97599792480469,12.360604286193848,0.266357421875,6
50,2.0,1587.5,406.875,37.22624206542969,9.954083442687988,0.275634765625,7
51,2.04,1556.75,396.5,,,0.2354736328125,6
52,2.08,1526.0,387.5,,,0.27001953125,6
53,2.12,1496.375,376.875,33.94915771484375,4.516193389892578,0.2017822265625,7
54,2.16,1438.75,358.75,,,0.257568359375,6
55,2.2,1411.25,349.375,,,0.275146484375,7
56,2.24,1385.0625,342.875,,,0.16455078125,6
57,2.28,1357.875,335.25,,,0.265869140625,6
58,2.32,1333.40625,328.0,,,0.294189453125,6
59,2.36,1226.375,300.875,,,0.39794921875,6
60,2.4,1221.125,300.0,,,0.182373046875,6
61,2.44,1227.25,298.625,,,0.5068359375,6
62,2.48,1230.125,298.125,,,0.42431640625,6
63,2.52,1236.125,296.75,,,0.521484375,6
64,2.56,1238.625,227.8125,,,0.2333984375,6
65,2.6,1247.875,226.25,,,0.15478515625,6
66,2.64,1313.75,221.125,,,0.1749267578125,7
67,2.68,1443.625,229.6875,,,0.28857421875,6
68,2.72,1457.1875,226.875,,,0.349609375,6
69,2.76,1483.625,222.5,,,0.3310546875,6
70,2.8,1497.8125,220.3125,,,0.29736328125,6
71,2.84,1512.375,218.125,,,0.29248046875,6
72,2.88,1527.625,215.125,,,0.241455078125,6
73,2.92,1543.875,211.6875,,,0.2330322265625,6
74,2.96,1578.0,204.8125,,,0.247314453125,0
75,3.0,1595.75,201.25,,,0.1558837890625,0
76,3.04,1612.125,199.0625,,,0.1744384765625,0
77,3.08,1702.5,289.0,22.328556060791016,0.6151118278503418,0.4091796875,6
78,3.12,1719.375,287.125,22.120859146118164,0.7882809638977051,0.4580078125,6
79,3.16,1753.25,284.625,22.281278610229492,0.898664116859436,0.37939453125,6
80,3.2,1771.0,282.0,22.57414436340332,0.3649895191192627,0.445556640625,0
81,3.24,1788.75,280.125,22.920440673828125,-0.05232938751578331,0.453369140625,0
82,3.28,1807.25,277.625,23.245466232299805,-0.5765849947929382,0.350341796875,0
83,3.32,1827.0,275.625,23.640247344970703,-1.031626582145691,0.39501953125,0
84,3.36,1863.0,270.875,24.289474487304688,-2.046450614929199,0.2362060546875,0
85,3.4,1881.5,269.375,24.68950843811035,-2.417736530303955,0.3056640625,0
86,3.44,1899.75,267.0,25.025205612182617,-2.9328551292419434,0.3486328125,0
87,3.48,1914.5,265.125,25.300853729248047,-3.343848705291748,0.420654296875,0
88,3.52,,,,,,0
89,3.56,,,,,,0
90,3.6,,,,,,0
91,3.64,,,,,,0
92,3.68,,,,,,0
93,3.72,,,,,,0
94,3.76,587.0,476.25,,,0.4765625,0
95,3.8,568.28125,497.5,,,0.53515625,0
96,3.84,549.734375,517.125,,,0.388671875,0
97,3.88,550.3125,536.875,,,0.2294921875,0
98,3.92,563.75,545.75,,,0.58154296875,0
99,3.96,667.0625,559.0,,,0.455078125,0
100,4.0,529.25,628.125,,,0.5009765625,0
101,4.04,621.625,603.0,,,0.438720703125,0
102,4.08,633.75,620.5,,,0.3349609375,0
103,4.12,650.5,625.0,,,0.453369140625,0
104,4.16,681.6875,602.0625,,,0.454345703125,0
105,4.2,698.125,590.8125,,,0.484375,0
106,4.24,712.9375,580.25,,,0.437744140625,0
107,4.28,727.125,571.625,,,0.5029296875,0
108,4.32,740.75,563.03125,,,0.43212890625,0
109,4.36,769.75,547.75,,,0.4765625,0
110,4.4,782.75,540.25,,,0.29248046875,0
111,4.44,796.0,534.5,,,0.2763671875,0
112,4.48,806.25,530.5,,,0.171630859375,0
113,4.52,,,,,,0
114,4.56,,,,,,0
115,4.6,,,,,,0
116,4.64,871.625,515.96875,,,0.452392578125,0
117,4.68,881.25,514.65625,,,0.439697265625,0
118,4.72,892.5,514.96875,,,0.45703125,0
119,4.76,902.125,515.46875,,,0.401611328125,0
120,4.8,919.125,519.75,,,0.43017578125,0
121,4.84,928.25,522.5,,,0.31494140625,0
122,4.88,938.25,527.28125,,,0.4111328125,0
123,4.92,946.25,532.4375,,,0.46875,0
124,4.96,955.0,537.5,,,0.47265625,0
125,5.0,973.0546875,552.4375,,,0.552734375,0
126,5.04,981.25,561.3125,,,0.51953125,0
127,5.08,989.625,569.0,,,0.32177734375,0
128,5.12,998.5,579.5,,,0.509765625,0
129,5.16,1006.609375,589.875,,,0.443603515625,0
130,5.2,1023.859375,613.9375,,,0.70556640625,0
131,5.24,1031.90625,609.25,,,0.60400390625,0
132,5.28,1040.25,599.875,,,0.494140625,0
133,5.32,1047.03125,592.3125,,,0.4697265625,0
134,5.36,1055.3125,583.5625,,,0.5234375,0
135,5.4,1070.71875,571.0,,,0.322509765625,0
136,5.44,1077.1875,566.5,,,0.57568359375,0
137,5.48,1085.09375,561.625,,,0.42822265625,0
138,5.52,1091.34375,558.5625,,,0.486328125,0
139,5.56,1099.875,555.3125,,,0.34423828125,0
140,5.6,1114.75,552.09375,,,0.458984375,0
141,5.64,1050.40625,498.0,,,0.2294921875,0
142,5.68,1099.5625,423.75,,,0.2861328125,0
143,5.72,1133.625,553.53125,,,0.4775390625,0
144,5.76,1141.25,554.21875,,,0.42529296875,0
145,5.8,1151.6875,560.28125,,,0.591796875,0
146,5.84,1155.0,563.53125,,,0.6591796875,0
147,5.88,1158.9375,568.5,,,0.64501953125,0
148,5.92,1160.9375,573.75,,,0.6123046875,0
149,5.96,1163.25,579.1875,,,0.56787109375,0
150,6.0,1164.6875,593.875,,,0.6083984375,0
151,6.04,1165.4375,601.5625,,,0.5927734375,0
152,6.08,1166.6875,605.1875,,,0.58154296875,0
153,6.12,1165.3125,597.0,,,0.62255859375,0
154,6.16,1166.4375,590.6875,,,0.62451171875,0
155,6.2,1163.875,578.1875,,,0.5556640625,0
156,6.24,1161.4375,573.0625,,,0.4931640625,0
157,6.28,1159.5625,570.0,,,0.494140625,0
158,6.32,1160.1875,569.25,,,0.4599609375,0
159,6.36,1155.625,565.0,,,0.4130859375,0
160,6.4,1151.0625,561.5,,,0.5849609375,0
161,6.44,1148.625,561.90625,,,0.5068359375,0
162,6.48,1143.625,563.0,,,0.446533203125,0
163,6.52,1142.25,564.75,,,0.42626953125,0
164,6.56,1136.25,566.5,,,0.406494140625,0
165,6.6,1132.75,558.65625,,,0.15234375,0
166,6.64,1195.625,564.84375,,,0.2362060546875,0
167,6.68,1123.4375,541.15625,,,0.33544921875,0
168,6.72,1113.75,539.5,,,0.173828125,0
169,6.76,1105.5625,542.28125,,,0.1683349609375,0
170,6.8,1177.375,542.4375,,,0.201171875,0
171,6.84,1105.875,489.5,,,0.1705322265625,0
172,6.88,1032.25,459.2734375,,,0.16259765625,0
173,6.92,1091.5,497.25,,,0.2120361328125,0
174,6.96,1156.25,536.5,,,0.56298828125,0
175,7.0,1134.5,748.25,,,0.162109375,0
176,7.04,,,,,,0
177,7.08,,,,,,0
178,7.12,,,,,,0
179,7.16,,,,,,0
180,7.2,,,,,,0
181,7.24,,,,,,6
182,7.28,1458.125,210.875,22.855836868286133,-3.754784345626831,0.66357421875,0
183,7.32,1460.875,206.875,,,0.435791015625,6
184,7.36,1463.5,202.8125,,,0.2037353515625,6
185,7.4,,,,,,6
186,7.44,,,,,,6
187,7.48,1521.75,216.6875,,,0.4833984375,6
188,7.52,1492.8125,218.625,24.938514709472656,4.978818416595459,0.515625,5
189,7.56,1473.9375,200.1875,24.416471481323242,3.243318796157837,0.5888671875,5
190,7.6,1479.375,205.625,,,0.34423828125,5
191,7.64,1479.6875,212.5,,,0.236572265625,5
192,7.68,1480.125,215.4375,,,0.5,5
193,7.72,1481.4375,220.125,,,0.53515625,5
194,7.76,1481.25,225.9375,35.31159973144531,-4.680573463439941,0.5,5
195,7.8,1481.75,239.375,37.15007400512695,-2.4115607738494873,0.28466796875,5
196,7.84,1482.9375,247.0,35.466087341308594,4.734757900238037,0.5439453125,4
197,7.88,1482.5,254.5,35.806480407714844,5.5669074058532715,0.69091796875,0
198,7.92,1482.5,263.75,36.23548126220703,6.585109710693359,0.6123046875,0
199,7.96,1482.25,272.375,37.922882080078125,11.165851593017578,0.5380859375,5
200,8.0,1482.8125,293.25,26.805816650390625,21.185312271118164,0.65478515625,4
201,8.04,1483.3125,303.875,59.383949279785156,17.03742218017578,0.63330078125,4
202,8.08,1483.9375,315.625,65.06107330322266,9.476985931396484,0.56982421875,4
203,8.12,1485.8125,327.875,84.62389373779297,7.3195695877075195,0.505859375,4
204,8.16,1487.625,341.0,84.02569580078125,9.936681747436523,0.548828125,0
205,8.2,1494.5,368.125,56.526458740234375,30.037025451660156,0.57177734375,4
206,8.24,1496.6875,382.875,56.25599670410156,29.489009857177734,0.5341796875,0
207,8.28,1500.625,398.5,55.90644454956055,28.815078735351562,0.548828125,0
208,8.32,1504.75,413.375,55.51496887207031,28.06846046447754,0.5419921875,0
209,8.36,1509.5,430.25,54.987762451171875,27.06463050842285,0.533203125,0
210,8.4,1517.5,463.1796875,,,0.5869140625,4
211,8.44,1521.875,481.5,,,0.4921875,4
212,8.48,1525.75,500.75,,,0.443603515625,4
213,8.52,1529.3125,519.875,97.66566467285156,32.74555206298828,0.373046875,4
214,8.56,1556.25,519.25,63.515750885009766,31.051498413085938,0.259521484375,4
215,8.6,1519.25,566.25,54.67802810668945,34.499549865722656,0.4912109375,5
216,8.64,1505.0,553.125,55.013458251953125,33.46991729736328,0.43408203125,5
217,8.68,1492.375,543.28125,53.77542495727539,32.799217224121094,0.56201171875,5
218,8.72,1477.8125,531.625,53.97970199584961,31.736371994018555,0.43017578125,5
219,8.76,1462.5,520.8125,52.770286560058594,30.763525009155273,0.541015625,5
220,8.8,1432.75,503.1875,51.971858978271484,29.36750030517578,0.453369140625,6
221,8.84,1419.1875,495.15625,51.43328094482422,28.8243465423584,0.51171875,6
222,8.88,1403.75,487.8125,51.2392463684082,28.05721664428711,0.56298828125,6
223,8.92,1390.15625,480.90625,51.34808349609375,27.457307815551758,0.56396484375,6
224,8.96,1376.0,475.25,52.823509216308594,27.510971069335938,0.61328125,6
225,9.0,1350.25,465.625,50.109886169433594,26.276256561279297,0.548828125,5
226,9.04,1338.375,462.0,50.231651306152344,25.91731834411621,0.556640625,5
227,9.08,1327.5,459.47265625,51.15287780761719,26.005638122558594,0.609375,5
228,9.12,1316.25,456.984375,51.043209075927734,25.917387008666992,0.70068359375,5
229,9.16,1306.625,456.19921875,50.74837875366211,25.786895751953125,0.67919921875,5
230,9.2,1288.0,455.875,51.149940490722656,26.14042854309082,0.63427734375,5
231,9.24,1279.75,456.5,51.080562591552734,26.15317153930664,0.63330078125,5
232,9.28,1272.125,459.3984375,51.24887466430664,26.377634048461914,0.65478515625,5
233,9.32,1264.375,462.45703125,50.9552001953125,26.581342697143555,0.68017578125,5
234,9.36,1257.0,465.375,51.05904006958008,26.82424545288086,0.56982421875,5
235,9.4,1243.875,474.875,52.051795959472656,26.234704971313477,0.6435546875,4
236,9.44,1237.25,480.703125,51.55637741088867,28.108034133911133,0.65478515625,5
237,9.48,1231.625,487.5625,52.20143508911133,27.123207092285156,0.69677734375,4
238,9.52,1224.75,494.75,52.35133743286133,27.603506088256836,0.67041015625,4
239,9.56,1218.625,502.140625,52.4640007019043,28.024517059326172,0.681640625,4
240,9.6,1208.25,519.34375,53.03316879272461,29.162233352661133,0.6826171875,4
241,9.64,1202.6875,529.0,53.417198181152344,29.70887565612793,0.68994140625,4
242,9.68,1198.625,539.46875,53.029266357421875,32.415260314941406,0.68505859375,5
243,9.72,1193.9375,550.40625,53.4578857421875,32.528160095214844,0.64697265625,4
244,9.76,1190.125,562.0,54.10710144042969,32.037899017333984,0.5908203125,4
245,9.8,1183.625,558.34375,53.33149337768555,33.93944549560547,0.638671875,5
246,9.84,1180.8125,550.53125,53.469078063964844,32.51772689819336,0.67724609375,4
247,9.88,1177.3125,543.5,53.42866134643555,31.73405647277832,0.6806640625,4
248,9.92,1175.5,537.59375,53.639156341552734,31.33662986755371,0.68994140625,4
249,9.96,1173.25,531.96875,53.58173370361328,31.042768478393555,0.6669921875,4
250,10.0,1168.75,522.3125,53.855712890625,30.119173049926758,0.6494140625,4
251,10.04,1167.0,519.375,53.83659362792969,29.722503662109375,0.62060546875,4
252,10.08,1164.8125,516.75,53.93949508666992,29.701112747192383,0.61328125,4
253,10.12,1162.875,514.375,60.0,22.72116470336914,0.6435546875,4
254,10.16,1161.0625,512.875,60.0,22.35284996032715,0.6435546875,4
255,10.2,1159.25,512.125,60.0,24.5211124420166,0.662109375,4
256,10.24,1157.3125,513.5,60.0,23.075477600097656,0.62353515625,4
257,10.28,1155.3125,514.25,60.0,23.454864501953125,0.541015625,4
258,10.32,1154.1875,518.0,60.0,24.247716903686523,0.2264404296875,4
259,10.36,1153.3125,519.25,60.0,25.510051727294922,0.5390625,4
260,10.4,1151.5625,527.75,60.0,27.03585433959961,0.54296875,4
261,10.44,1149.5625,532.5,60.0,28.16434669494629,0.6259765625,4
262,10.48,1147.8125,538.0,60.0,29.477447509765625,0.533203125,4
263,10.52,1145.8125,544.15625,60.0,30.69342613220215,0.5478515625,4
264,10.56,1142.9375,551.25,54.79168701171875,33.931922912597656,0.54296875,5
265,10.6,1135.4375,566.75,55.00669860839844,35.024967193603516,0.2486572265625,5
266,10.64,1131.875,575.875,55.154273986816406,35.58452606201172,0.34033203125,5
267,10.68,1131.25,577.75,55.27094650268555,35.708126068115234,0.5068359375,5
268,10.72,1126.25,571.125,55.26295471191406,35.342864990234375,0.5888671875,5
269,10.76,1121.875,567.25,55.38842010498047,35.13554763793945,0.5498046875,5
270,10.8,1108.4375,568.625,55.90707778930664,35.43284606933594,0.290283203125,5
271,10.84,1085.25,572.5,56.27689743041992,35.99756622314453,0.482421875,5
272,10.88,1070.25,577.25,55.608585357666016,35.97394561767578,0.55712890625,5
273,10.92,1057.75,574.75,55.557762145996094,35.75630187988281,0.505859375,5
274,10.96,1047.0,571.0,55.677791595458984,35.596893310546875,0.5283203125,5
275,11.0,1023.328125,566.5,55.563724517822266,34.66335678100586,0.341552734375,5
276,11.04,1013.25,565.75,55.46683883666992,34.51847457885742,0.2337646484375,5
277,11.08,,,,,,5
278,11.12,,,,,,5
279,11.16,981.9921875,563.75,55.60493087768555,34.5682258605957,0.38037109375,5
280,11.2,970.875,563.25,55.561283111572266,34.48944854736328,0.436767578125,5
281,11.24,950.0,568.5,55.75775909423828,34.75912094116211,0.55078125,5
282,11.28,939.375,570.75,55.78592300415039,34.8983039855957,0.6435546875,5
283,11.32,930.25,575.5,55.822532653808594,35.246490478515625,0.53125,5
284,11.36,920.875,576.5,55.83195495605469,35.243675231933594,0.46484375,5
285,11.4,910.875,574.46875,55.7198371887207,35.07049560546875,0.57568359375,5
286,11.44,892.25,571.75,55.53835678100586,34.91823196411133,0.5859375,5
287,11.48,882.75,572.25,55.6364860534668,34.90955352783203,0.546875,5
288,11.52,873.5,573.25,55.78079605102539,35.00053405761719,0.5390625,5
289,11.56,865.0,574.25,55.74711990356445,34.9685173034668,0.43212890625,5
290,11.6,,,,,,5
291,11.64,,,,,,5
292,11.68,814.375,575.25,55.29301071166992,35.03746032714844,0.5244140625,5
293,11.72,802.0,575.75,55.316768646240234,34.877559661865234,0.320068359375,4
294,11.76,780.875,577.5,55.29658889770508,34.84766387939453,0.400634765625,4
295,11.8,764.625,579.6875,55.15916061401367,34.98943328857422,0.4609375,4
296,11.84,731.875,584.5,55.106178283691406,35.193580627441406,0.513671875,4
297,11.88,717.1875,584.75,54.85074234008789,35.21846008300781,0.55078125,4
298,11.92,703.75,585.75,54.718666076660156,35.23414993286133,0.59912109375,4
299,11.96,691.25,587.375,54.70029830932617,35.27034378051758,0.60693359375,4
300,12.0,678.75,590.875,54.670127868652344,35.547306060791016,0.515625,4
301,12.04,656.125,592.875,54.501434326171875,35.56279373168945,0.6279296875,4
302,12.08,646.875,593.6875,54.40378952026367,35.606197357177734,0.63232421875,4
303,12.12,641.25,551.75,54.080116271972656,33.054405212402344,0.153076171875,4
304,12.16,598.75,541.25,53.29511260986328,32.26388168334961,0.1871337890625,4
305,12.2,621.75,599.0625,53.99736022949219,35.94594192504883,0.658203125,4
306,12.24,607.0,600.9375,53.95036315917969,36.072059631347656,0.70068359375,4
307,12.28,599.0,602.8125,53.91128921508789,36.18413162231445,0.67333984375,4
308,12.32,592.0,603.9375,53.84380340576172,36.24671936035156,0.72314453125,4
309,12.36,583.5,605.3125,53.75278854370117,36.347660064697266,0.64404296875,4
310,12.4,576.0,606.25,53.622615814208984,36.351112365722656,0.69677734375,4
311,12.44,560.25,608.125,53.50022888183594,36.404876708984375,0.69580078125,4
312,12.48,553.375,609.6875,53.41014099121094,36.48256301879883,0.70263671875,4
313,12.52,546.0,611.875,53.29039764404297,36.66788864135742,0.69091796875,4
314,12.56,538.75,612.625,53.122032165527344,36.71405029296875,0.68408203125,4
315,12.6,532.0,613.4375,53.136112213134766,36.77531433105469,0.69677734375,4
316,12.64,518.75,616.625,52.835548400878906,36.98149108886719,0.71923828125,4
317,12.68,513.5,616.4375,52.67312240600586,36.9882926940918,0.72412109375,4
318,12.72,506.875,616.5625,52.5127067565918,37.06246566772461,0.69189453125,4
319,12.76,500.875,617.375,52.40720748901367,37.08134460449219,0.69921875,4
320,12.8,495.0,618.125,52.34104537963867,37.27378845214844,0.70263671875,4
321,12.84,485.83984375,620.625,52.465240478515625,37.39171600341797,0.669921875,4
322,12.88,477.5,620.5,52.38677978515625,37.44630813598633,0.638671875,4
323,12.92,472.25,621.375,52.357322692871094,37.45609664916992,0.6162109375,4
324,12.96,466.0,622.6875,52.16059875488281,37.614044189453125,0.62255859375,4
325,13.0,460.875,621.75,51.77113723754883,40.00075912475586,0.66357421875,5
326,13.04,448.125,623.25,51.1253547668457,40.461509704589844,0.60693359375,5
327,13.08,444.75,622.9375,52.037315368652344,39.24985122680664,0.54296875,5
328,13.12,439.5,622.625,51.510108947753906,39.953094482421875,0.70556640625,5
329,13.16,434.125,622.3125,50.9364013671875,40.61289978027344,0.67724609375,5
330,13.2,429.0,622.1875,51.592247009277344,41.061920166015625,0.6435546875,5
331,13.24,418.125,622.375,51.511837005615234,41.03578186035156,0.58154296875,5
332,13.28,412.25,622.3125,51.38688278198242,40.985286712646484,0.67578125,5
333,13.32,411.625,626.6875,51.44687271118164,41.3790397644043,0.43212890625,5
334,13.36,411.25,635.5,51.69603729248047,41.86384582519531,0.7099609375,5
335,13.4,412.125,642.375,51.593841552734375,42.3265495300293,0.74609375,5
336,13.44,414.125,657.625,51.749263763427734,43.05449676513672,0.71875,5
337,13.48,416.25,664.75,51.84745788574219,43.77980422973633,0.74755859375,5
338,13.52,418.375,671.4375,51.98268508911133,43.96744918823242,0.732421875,5
339,13.56,421.25,677.1875,51.89421844482422,44.07316589355469,0.68017578125,5
340,13.6,424.625,682.625,52.082557678222656,44.76563262939453,0.67919921875,5
341,13.64,432.5,690.8125,52.3807487487793,45.44422149658203,0.71142578125,5
342,13.68,435.0,694.5,52.38159942626953,45.46693420410156,0.7138671875,5
343,13.72,438.25,698.9375,52.33749008178711,45.70631408691406,0.712890625,5
344,13.76,439.625,702.1875,52.44926071166992,46.011375427246094,0.68505859375,5
345,13.8,441.875,704.875,52.42853927612305,46.116844177246094,0.72021484375,5
346,13.84,447.125,709.125,52.6429443359375,46.754642486572266,0.6943359375,5
347,13.88,448.75,708.875,52.56753158569336,48.7541389465332,0.693359375,5
348,13.92,450.875,708.125,52.53223419189453,48.659481048583984,0.751953125,5
349,13.96,452.5,707.0,52.566890716552734,48.51017379760742,0.73095703125,5
350,14.0,454.375,707.25,52.70090866088867,48.479034423828125,0.708984375,5
351,14.04,458.25,709.0,53.093692779541016,48.86796951293945,0.77099609375,5
352,14.08,460.0,707.75,52.9295539855957,48.746707916259766,0.69775390625,5
353,14.12,461.5,705.25,52.82734680175781,45.68608093261719,0.7626953125,4
354,14.16,463.125,703.3125,52.872276306152344,45.65034103393555,0.7373046875,4
355,14.2,465.0,702.8125,52.846641540527344,45.842613220214844,0.732421875,4
356,14.24,467.75,702.6875,52.923553466796875,46.523590087890625,0.7431640625,4
357,14.28,469.75,700.5,53.046478271484375,46.8615837097168,0.7392578125,4
358,14.32,471.25,699.0,53.05174255371094,47.03813552856445,0.73876953125,4
359,14.36,471.875,698.5625,53.09638595581055,47.10626220703125,0.7216796875,4
360,14.4,473.5,699.25,53.247257232666016,47.2370491027832,0.76611328125,4
361,14.44,475.625,696.9375,53.036521911621094,47.257720947265625,0.76220703125,4
362,14.48,476.625,695.9375,53.10107421875,47.15576934814453,0.7705078125,4
363,14.52,477.5,696.375,53.13022232055664,47.361270904541016,0.69775390625,4
364,14.56,478.125,697.375,53.29073715209961,47.35033416748047,0.67236328125,4
365,14.6,480.0,698.75,53.302146911621094,47.893558502197266,0.71533203125,4
366,14.64,482.75,697.9375,53.41092300415039,48.08613586425781,0.7265625,4
367,14.68,484.0,698.5625,53.526832580566406,48.24665451049805,0.662109375,4
368,14.72,486.0,699.875,53.51590347290039,48.63240051269531,0.6767578125,4
369,14.76,488.21337890625,701.5625,53.68178939819336,48.62787628173828,0.75439453125,4
370,14.8,489.7490234375,703.375,53.699554443359375,48.92521286010742,0.7548828125,4
371,14.84,493.88671875,704.625,53.88666534423828,48.9556884765625,0.75634765625,4
372,14.88,496.0703125,705.875,54.05730438232422,49.98011779785156,0.732421875,4
373,14.92,498.609375,708.375,54.06732177734375,50.181236267089844,0.767578125,4
374,14.96,501.171875,709.5,54.19087219238281,50.09372329711914,0.7890625,4
375,15.0,503.0703125,711.5,54.15016555786133,50.3817138671875,0.77978515625,4
376,15.04,506.625,716.5,54.08437728881836,50.45756530761719,0.6953125,4
377,15.08,508.015625,719.75,54.235435485839844,50.826663970947266,0.70654296875,4
378,15.12,509.59375,723.75,54.254268646240234,51.01079559326172,0.73095703125,4
379,15.16,510.765625,728.125,54.298126220703125,51.3201789855957,0.7607421875,4
380,15.2,512.046875,732.875,54.37726974487305,51.26161193847656,0.78125,4
381,15.24,515.34375,740.125,54.488624572753906,51.605873107910156,0.75927734375,4
382,15.28,516.1484375,746.125,54.500736236572266,51.76911544799805,0.5849609375,4
383,15.32,517.640625,751.625,54.533809661865234,52.00213623046875,0.548828125,4
384,15.36,519.0,756.125,54.57483673095703,52.002017974853516,0.43408203125,4
385,15.4,520.25,761.0,54.636138916015625,51.98232650756836,0.537109375,4
386,15.44,525.0,770.0,54.72354507446289,52.516178131103516,0.2666015625,4
387,15.48,545.734375,769.375,54.91050720214844,52.747291564941406,0.6123046875,4
388,15.52,561.25,768.75,55.08727264404297,52.65590286254883,0.6123046875,4
389,15.56,578.25,768.125,55.31602096557617,52.471473693847656,0.59814453125,4
390,15.6,594.25,767.25,55.38312911987305,52.70657730102539,0.53125,4
391,15.64,626.0,765.875,55.72735595703125,52.436100006103516,0.5078125,4
392,15.68,639.75,764.75,56.06277847290039,52.40616989135742,0.5234375,4
393,15.72,654.5,765.375,56.318180084228516,52.35425567626953,0.611328125,4
394,15.76,668.25,764.25,56.53358459472656,52.20087432861328,0.61328125,4
395,15.8,680.3125,763.75,56.6550407409668,52.181678771972656,0.61962890625,4
396,15.84,699.75,765.375,56.91164779663086,52.25141906738281,0.69775390625,4
397,15.88,709.6875,765.625,57.05178451538086,52.380775451660156,0.716796875,4
398,15.92,716.75,765.75,57.18739318847656,52.47686004638672,0.716796875,4
399,15.96,724.0625,765.875,57.29591751098633,52.26026916503906,0.703125,4
400,16.0,730.5,767.125,57.41330337524414,52.230892181396484,0.66259765625,4
401,16.04,742.75,768.625,57.726741790771484,52.479244232177734,0.69189453125,4
402,16.08,748.25,769.0,57.7890510559082,52.27048110961914,0.6884765625,4
403,16.12,752.375,770.25,57.87422561645508,52.37519454956055,0.77197265625,4
404,16.16,756.25,771.0,58.02641677856445,52.408084869384766,0.72021484375,4
405,16.2,760.25,771.75,58.21455383300781,52.275150299072266,0.7646484375,4
406,16.24,767.375,773.125,58.48369216918945,52.30608367919922,0.751953125,4
407,16.28,771.0,774.625,58.60118103027344,52.34663391113281,0.66357421875,4
408,16.32,773.75,774.625,57.97822952270508,52.218502044677734,0.68603515625,4
409,16.36,776.25,775.375,58.05231857299805,52.4899787902832,0.68701171875,4
410,16.4,779.125,776.25,58.159698486328125,52.381927490234375,0.73486328125,4
411,16.44,783.0,777.5,58.336631774902344,52.42144012451172,0.66552734375,4
412,16.48,784.125,778.5,58.42550277709961,52.853336334228516,0.72802734375,4
413,16.52,785.875,779.25,58.51670837402344,52.73379898071289,0.62353515625,4
414,16.56,786.625,780.25,58.65090560913086,52.918155670166016,0.70556640625,4
415,16.6,787.0,780.875,58.73988342285156,53.09101867675781,0.75048828125,4
416,16.64,787.25,782.5,58.9776496887207,53.03242492675781,0.69580078125,4
417,16.68,791.75,782.875,59.126380920410156,53.059322357177734,0.56884765625,4
418,16.72,802.5,783.125,59.335548400878906,53.090824127197266,0.2841796875,4
419,16.76,810.5,783.25,59.59636306762695,53.265380859375,0.478515625,4
420,16.8,818.375,782.5,59.76884460449219,52.61616516113281,0.6591796875,4
421,16.84,832.25,782.25,60.17314147949219,53.020347595214844,0.45703125,4
422,16.88,837.125,782.5,60.322349548339844,52.910919189453125,0.63720703125,4
423,16.92,841.75,782.75,60.54444122314453,53.1397590637207,0.6943359375,4
424,16.96,845.375,783.75,60.77029037475586,52.95954895019531,0.65576171875,4
425,17.0,848.125,782.75,61.21794128417969,55.58226776123047,0.4921875,5
426,17.04,851.75,785.25,61.591224670410156,55.70753860473633,0.69580078125,5
427,17.08,853.375,786.0,61.481117248535156,53.27729415893555,0.64599609375,4
428,17.12,854.0,785.75,61.70341491699219,53.48538589477539,0.69287109375,4
429,17.16,854.75,786.25,62.07651901245117,55.83437728881836,0.70263671875,5
430,17.2,855.0,787.125,62.02552795410156,53.3947639465332,0.6806640625,4
431,17.24,856.75,790.0,62.55174255371094,55.99306869506836,0.6943359375,5
432,17.28,857.125,789.25,62.72328567504883,56.08381652832031,0.7626953125,5
433,17.32,857.125,789.625,62.87480926513672,56.01029586791992,0.74609375,5
434,17.36,856.5,791.0,63.01586151123047,56.12242126464844,0.73193359375,5
435,17.4,855.625,793.5,60.0,67.02656555175781,0.7255859375,4
436,17.44,853.75,795.375,60.0,68.45746612548828,0.66650390625,4
437,17.48,852.875,795.625,60.0,69.85809326171875,0.615234375,4
438,17.52,851.25,797.125,60.0,70.44315338134766,0.6806640625,4
439,17.56,848.75,798.75,60.0,73.06314086914062,0.68994140625,4
440,17.6,846.0,799.75,60.0,73.29408264160156,0.59716796875,4
441,17.64,847.125,794.125,,,0.29736328125,4
442,17.68,854.0,782.25,,,0.54296875,4
443,17.72,860.25,769.75,64.73690795898438,52.42048645019531,0.4609375,4
444,17.76,865.25,758.875,65.03472137451172,52.256980895996094,0.6279296875,4
445,17.8,869.625,748.75,65.41675567626953,51.6597900390625,0.5361328125,4
446,17.84,871.875,738.5,65.7240982055664,51.40567398071289,0.59912109375,4
447,17.88,875.875,716.625,66.43821716308594,51.11792755126953,0.61865234375,4
448,17.92,877.75,707.25,66.72420501708984,50.743621826171875,0.61767578125,4
449,17.96,879.375,698.5,67.02312469482422,50.66889953613281,0.615234375,4
450,18.0,880.0,689.6875,67.32698059082031,50.15746307373047,0.5927734375,4
451,18.04,879.75,679.875,67.58668518066406,49.921775817871094,0.5498046875,4
452,18.08,880.875,662.5,68.16705322265625,49.387107849121094,0.57958984375,4
453,18.12,879.75,654.5,68.55213928222656,48.82161331176758,0.65234375,4
454,18.16,878.375,647.9375,69.0971908569336,50.567073822021484,0.62890625,5
455,18.2,875.625,641.25,69.24881744384766,49.89377212524414,0.5078125,5
456,18.24,870.375,633.125,69.58905029296875,49.49544143676758,0.1766357421875,5
457,18.28,846.875,605.5,69.89701080322266,48.018184661865234,0.152587890625,5
458,18.32,894.375,625.5,70.44606018066406,49.05593490600586,0.437744140625,5
459,18.36,884.625,618.25,70.63262939453125,48.56796646118164,0.30908203125,5
460,18.4,868.125,545.75,71.45630645751953,44.936038970947266,0.220703125,5
461,18.44,1004.25,488.75,74.5765609741211,42.45616912841797,0.5048828125,5
462,18.48,1000.859375,497.875,74.84313201904297,42.61278533935547,0.257568359375,4
463,18.52,996.765625,505.921875,83.57234954833984,37.026432037353516,0.1688232421875,4
464,18.56,989.890625,506.59375,74.87452697753906,42.932708740234375,0.263916015625,4
465,18.6,979.91015625,506.3125,84.23511505126953,36.53514862060547,0.181884765625,4
466,18.64,986.5390625,507.609375,84.4880599975586,36.55586242675781,0.250244140625,4
467,18.68,979.109375,521.5625,84.36351013183594,37.341087341308594,0.361083984375,4
468,18.72,,,,,,4
469,18.76,,,,,,4
470,18.8,,,,,,4
471,18.84,,,,,,0
472,18.88,,,,,,4
473,18.92,963.21875,551.71875,85.3031997680664,37.06205368041992,0.1571044921875,4
474,18.96,965.689453125,553.1875,85.35690307617188,37.08498001098633,0.453369140625,0
475,19.0,,,,,,0
476,19.04,,,,,,0
477,19.08,,,,,,0
478,19.12,997.09375,569.3125,85.9908218383789,37.310096740722656,0.42626953125,0
479,19.16,,,,,,0
480,19.2,,,,,,0
481,19.24,,,,,,0
482,19.28,1016.71875,586.75,86.38735961914062,37.58041000366211,0.1912841796875,0
483,19.32,1010.75,594.125,86.32108306884766,37.737239837646484,0.164794921875,0
484,19.36,,,,,,0
485,19.4,,,,,,0
486,19.44,,,,,,0
487,19.48,1019.5625,544.53125,,,0.2705078125,0
488,19.52,1065.15625,613.75,,,0.169677734375,0
489,19.56,1074.0,685.75,,,0.2724609375,0
490,19.6,1094.4375,691.875,64.3420639038086,69.37610626220703,0.328857421875,4
491,19.64,1014.796875,602.0625,78.67620849609375,44.82742691040039,0.336669921875,5
492,19.68,1106.8125,612.5,79.57498168945312,46.452659606933594,0.29052734375,5
493,19.72,1188.125,559.5,82.3310775756836,44.005577087402344,0.291015625,5
494,19.76,1103.6875,664.8125,77.86858367919922,50.063472747802734,0.2100830078125,5
495,19.8,1124.625,607.6875,80.4051513671875,46.54330825805664,0.161865234375,5
496,19.84,1207.625,562.25,82.69937896728516,44.728214263916016,0.2203369140625,5
497,19.88,1223.75,561.5,83.69535827636719,44.819942474365234,0.1900634765625,5
498,19.92,1335.0,541.96875,86.23042297363281,44.760169982910156,0.1566162109375,5
499,19.96,1330.234375,455.08203125,89.69892120361328,38.298095703125,0.251708984375,5
500,20.0,,,,,,5
501,20.04,,,,,,5
502,20.08,,,,,,5
503,20.12,,,,,,5
504,20.16,,,,,,5
505,20.2,1645.375,70.125,,,0.42724609375,5
506,20.24,1639.125,71.375,,,0.4833984375,5
507,20.28,1624.0,73.4375,,,0.296630859375,5
508,20.32,1615.75,74.65625,124.34027099609375,-4.541199684143066,0.484375,5
509,20.36,1608.5,75.4375,124.49185943603516,-4.6283674240112305,0.368408203125,5
510,20.4,1601.0,77.78125,,,0.392333984375,5
511,20.44,1594.625,79.53125,124.27124786376953,-4.351264476776123,0.454345703125,5
512,20.48,1579.0,82.8125,,,0.1663818359375,5
513,20.52,,,,,,5
514,20.56,,,,,,5
515,20.6,1555.25,88.125,124.489990234375,-4.257192134857178,0.26220703125,5
516,20.64,1547.75,89.9375,,,0.1973876953125,5
517,20.68,1533.25,92.25,123.50179290771484,-4.134609222412109,0.35400390625,5
518,20.72,1525.625,94.375,,,0.63232421875,5
519,20.76,1518.9375,95.78125,119.1900634765625,-1.0642536878585815,0.5302734375,5
520,20.8,1510.75,97.5,123.66940307617188,-4.824911117553711,0.56396484375,5
521,20.84,1503.0,99.0625,,,0.513671875,6
522,20.88,1487.9375,103.84375,,,0.4658203125,5
523,20.92,1480.9375,106.09375,,,0.2861328125,5
524,20.96,1472.1875,108.75,,,0.4677734375,5
525,21.0,1464.625,111.3125,123.7326431274414,-4.167524814605713,0.611328125,5
526,21.04,1455.9375,113.25,,,0.611328125,5
527,21.08,,,,,,5
528,21.12,,,,,,5
529,21.16,1425.375,125.53125,124.15577697753906,-4.807503700256348,0.48046875,6
530,21.2,1417.8125,128.1875,123.69135284423828,-4.936029434204102,0.5859375,5
531,21.24,1409.625,130.46875,124.05623626708984,-4.878872394561768,0.36376953125,6
532,21.28,1393.84375,135.9375,123.71006774902344,-4.437105178833008,0.60595703125,5
533,21.32,,,,,,5
534,21.36,,,,,,5
535,21.4,1372.96875,143.0,122.24250793457031,-2.974764108657837,0.400634765625,5
536,21.44,1365.21875,145.6875,123.68133544921875,-4.418569564819336,0.587890625,5
537,21.48,1351.5,150.75,123.5677719116211,-4.4329938888549805,0.529296875,5
538,21.52,1343.59375,152.625,123.55645751953125,-4.394101619720459,0.4677734375,5
539,21.56,,,,,,5
540,21.6,,,,,,6
541,21.64,1324.890625,159.8125,122.56355285644531,-1.9460190534591675,0.46484375,5
542,21.68,1311.203125,162.8125,122.61325073242188,-2.8299736976623535,0.61328125,5
543,21.72,1305.0,165.625,124.9610595703125,-4.695628643035889,0.5927734375,6
544,21.76,1298.5,166.875,,,0.422607421875,6
545,21.8,1291.75,168.75,,,0.4072265625,5
546,21.84,,,,,,5
547,21.88,,,,,,5
548,21.92,1267.375,175.8125,,,0.59716796875,5
549,21.96,1260.375,176.75,,,0.2137451171875,5
550,22.0,1254.875,178.0,,,0.7138671875,5
551,22.04,1248.75,179.8125,,,0.251708984375,5
552,22.08,1238.25,183.125,124.41954040527344,-3.0713725090026855,0.60107421875,5
553,22.12,1231.25,184.375,123.97952270507812,-2.392129421234131,0.46875,5
554,22.16,1314.375,172.0,,,0.159423828125,5
555,22.2,1221.375,186.6875,,,0.49609375,5
556,22.24,1216.625,188.25,,,0.4091796875,5
557,22.28,1205.75,191.375,,,0.595703125,5
558,22.32,1200.3125,192.5,,,0.57763671875,5
559,22.36,1196.125,193.125,,,0.443603515625,5
560,22.4,1191.375,193.625,,,0.58203125,5
561,22.44,1185.125,194.375,,,0.630859375,5
562,22.48,1175.625,196.4375,,,0.56591796875,5
563,22.52,1169.8125,196.4375,,,0.482421875,5
564,22.56,1165.3125,196.5,,,0.320068359375,5
565,22.6,1160.5,198.4375,,,0.541015625,5
566,22.64,1155.9375,199.375,,,0.5322265625,5
567,22.68,1146.125,200.3125,,,0.3701171875,5
568,22.72,1141.875,200.5,,,0.4970703125,5
569,22.76,1136.5625,201.0625,124.34234619140625,-4.1430768966674805,0.32421875,6
570,22.8,1133.3125,201.75,124.63685607910156,-4.501948833465576,0.31787109375,6
571,22.84,1129.875,201.75,124.55807495117188,-3.8366026878356934,0.18896484375,6
572,22.88,1120.3125,203.3125,124.38664245605469,-3.0366573333740234,0.2861328125,6
573,22.92,1115.875,202.9375,124.33892059326172,-3.3640189170837402,0.256103515625,6
574,22.96,1112.375,204.5625,123.99151611328125,-2.8961260318756104,0.37841796875,6
575,23.0,1108.75,205.75,123.96749114990234,-2.8913962841033936,0.59619140625,6
576,23.04,1105.0625,206.75,123.96835327148438,-2.3346335887908936,0.67236328125,6
577,23.08,1098.75,208.5625,124.00987243652344,-3.1697819232940674,0.587890625,6
578,23.12,1096.0625,209.6875,123.70132446289062,-3.0057387351989746,0.5068359375,6
579,23.16,1090.625,210.4375,123.81140899658203,-3.28676438331604,0.501953125,6
580,23.2,1087.625,212.125,123.90550231933594,-3.1343979835510254,0.35400390625,6
581,23.24,1085.34375,214.25,124.0645523071289,-2.9664549827575684,0.1800537109375,6
582,23.28,1078.84375,216.75,124.10039520263672,-3.1125409603118896,0.39599609375,6
583,23.32,1074.28125,218.0,124.28984069824219,-2.9176230430603027,0.279052734375,6
584,23.36,1071.96875,218.875,124.57858276367188,-3.0822603702545166,0.490234375,6
585,23.4,1069.0625,220.0,124.45050811767578,-2.946986198425293,0.37744140625,6
586,23.44,1065.0,221.625,124.42379760742188,-2.7818002700805664,0.484375,6
587,23.48,1057.90625,223.0,124.3031234741211,-2.504862070083618,0.6611328125,6
588,23.52,1054.4375,223.125,124.15962219238281,-2.301816463470459,0.61865234375,6
589,23.56,1051.09375,223.5625,124.12120819091797,-1.674917459487915,0.53515625,6
590,23.6,1048.03125,223.75,124.19935607910156,-2.07885479927063,0.59619140625,6
591,23.64,1043.375,223.75,123.95902252197266,-2.1782567501068115,0.6279296875,6
592,23.68,1035.40625,223.9375,124.19231414794922,-2.0424091815948486,0.482421875,6
593,23.72,1032.1875,223.75,124.1227798461914,-1.869849443435669,0.5439453125,6
594,23.76,1027.8125,223.9375,124.14888763427734,-1.7896480560302734,0.63525390625,6
595,23.8,1023.3125,223.625,123.99976348876953,-1.6595535278320312,0.57373046875,6
596,23.84,1019.21875,223.75,124.01815032958984,-1.6563639640808105,0.451416015625,6
597,23.88,1010.359375,223.25,123.96617889404297,-1.3002907037734985,0.5947265625,6
598,23.92,1006.25,222.875,123.84822082519531,-1.2116596698760986,0.56396484375,6
599,23.96,1001.59375,222.5,123.7857437133789,-1.0865352153778076,0.4912109375,6
600,24.0,997.09375,222.375,123.88265991210938,-1.2831038236618042,0.4658203125,6
601,24.04,992.0,222.6875,123.89944458007812,-1.2487268447875977,0.5859375,6
602,24.08,983.125,222.0,123.93353271484375,-1.5811412334442139,0.35400390625,6
603,24.12,977.5,221.375,123.82176971435547,-1.7377971410751343,0.3583984375,6
604,24.16,973.25,220.5,123.94916534423828,-1.9171005487442017,0.401611328125,6
605,24.2,,,,,,6
606,24.24,,,,,,6
607,24.28,,,,,,6
608,24.32,,,,,,6
609,24.36,,,,,,6
610,24.4,855.75,220.75,121.47203826904297,-1.8088161945343018,0.249755859375,6
611,24.44,,,,,,6
612,24.48,,,,,,6
613,24.52,,,,,,6
614,24.56,827.75,217.3125,121.39669799804688,-1.6462355852127075,0.5390625,6
615,24.6,,,,,,6
616,24.64,,,,,,6
617,24.68,812.125,216.875,121.29308319091797,-1.32538902759552,0.55078125,6
618,24.72,886.0,215.0,123.71589660644531,-1.4288686513900757,0.5947265625,6
619,24.76,880.375,213.4375,123.68463134765625,-1.3070632219314575,0.46484375,6
620,24.8,876.5,213.125,123.60237121582031,-1.1873952150344849,0.291748046875,6
621,24.84,871.5,212.625,123.4244384765625,-1.039531946182251,0.4921875,6
622,24.88,866.625,211.75,123.09956359863281,1.0987540483474731,0.5869140625,6
623,24.92,859.0,211.75,123.25019073486328,0.27021971344947815,0.37939453125,7
624,24.96,855.25,211.75,123.1319351196289,0.3308373689651489,0.474609375,7
625,25.0,850.625,211.4375,123.15047454833984,0.29885610938072205,0.587890625,7
626,25.04,846.5,211.125,123.0323257446289,0.9990200996398926,0.56103515625,6
627,25.08,842.875,211.25,123.019287109375,0.2058764547109604,0.48046875,7
628,25.12,834.125,210.9375,123.06681060791016,0.23968444764614105,0.357666015625,7
629,25.16,830.625,210.8125,122.90499114990234,0.10977979749441147,0.55810546875,7
630,25.2,827.875,210.625,122.98412322998047,0.07187839597463608,0.48828125,7
631,25.24,824.375,210.75,123.03573608398438,0.2111857384443283,0.48828125,7
632,25.28,820.375,210.875,122.98770141601562,0.3561003506183624,0.4072265625,7
633,25.32,812.5,210.625,123.00668334960938,0.13102969527244568,0.36572265625,7
634,25.36,809.125,210.9375,123.04549407958984,-0.12385962903499603,0.529296875,7
635,25.4,806.0,211.875,123.0895004272461,-0.949800431728363,0.16455078125,6
636,25.44,802.0,211.875,122.96295928955078,0.14939990639686584,0.5078125,7
637,25.48,797.875,211.6875,123.02751159667969,0.041976962238550186,0.401611328125,7
638,25.52,790.375,212.3125,123.10149383544922,0.0002197604044340551,0.306884765625,7
639,25.56,786.0,212.125,123.18505859375,0.01419894304126501,0.1636962890625,7
640,25.6,,,,,,7
641,25.64,,,,,,7
642,25.68,775.125,213.625,123.0321273803711,0.411690354347229,0.25537109375,7
643,25.72,,,,,,7
644,25.76,,,,,,7
645,25.8,,,,,,7
646,25.84,759.125,215.1875,123.09294891357422,0.32676538825035095,0.4072265625,7
647,25.88,756.875,215.8125,122.95133209228516,0.5652858018875122,0.2069091796875,7
648,25.92,751.0,215.8125,122.8749771118164,0.44384485483169556,0.2469482421875,7
649,25.96,749.5,215.9375,122.57674407958984,1.1506702899932861,0.1812744140625,6
650,26.0,,,,,,7
651,26.04,,,,,,7
652,26.08,745.875,216.25,123.4432601928711,-0.6194040179252625,0.470703125,7
653,26.12,744.75,216.375,123.38831329345703,-0.8135063052177429,0.1981201171875,7
654,26.16,743.375,216.5625,123.19518280029297,-0.622384250164032,0.26904296875,7
655,26.2,741.5,216.875,122.2063980102539,1.4654172658920288,0.4580078125,6
656,26.24,740.375,216.875,122.99555206298828,-0.45990049839019775,0.490234375,7
657,26.28,738.75,216.6875,123.03885650634766,-0.28733569383621216,0.4677734375,7
658,26.32,736.8125,216.875,122.14482116699219,1.5245755910873413,0.37939453125,6
659,26.36,736.1875,216.875,122.53416442871094,0.5516117215156555,0.49609375,7
660,26.4,735.75,216.875,122.94232940673828,-0.10670653730630875,0.53515625,7
661,26.44,735.5,216.875,122.46839904785156,0.8032756447792053,0.48828125,8
662,26.48,734.6875,216.875,122.8893814086914,-0.13413159549236298,0.4912109375,7
663,26.52,734.25,217.0625,122.83146667480469,-0.12177403271198273,0.363037109375,7
664,26.56,734.125,217.0625,122.00962829589844,1.7585965394973755,0.23193359375,6
665,26.6,734.375,217.0625,122.63652038574219,0.36573436856269836,0.38671875,7
666,26.64,734.1875,217.0625,122.73400115966797,0.18239077925682068,0.394287109375,7
667,26.68,734.1875,217.0625,121.91596221923828,1.8744659423828125,0.373046875,6
668,26.72,734.0,217.5,122.80618286132812,0.12885628640651703,0.3056640625,7
669,26.76,734.375,217.5,122.808837890625,0.288462370634079,0.4560546875,7
670,26.8,734.5,217.625,122.84012603759766,0.16303353011608124,0.466796875,7
671,26.84,734.5625,217.625,122.84269714355469,0.16115117073059082,0.4814453125,7
672,26.88,734.5,217.8125,121.87499237060547,1.9447565078735352,0.458984375,6
673,26.92,734.6875,218.125,122.54305267333984,0.15246008336544037,0.368408203125,7
674,26.96,734.75,218.125,121.82794189453125,1.8793842792510986,0.31396484375,6
675,27.0,734.6875,218.125,121.93465423583984,1.7409889698028564,0.36376953125,6
676,27.04,734.625,218.125,122.0172348022461,1.5747407674789429,0.282958984375,6
677,27.08,734.625,218.3125,122.8221435546875,-0.1129530668258667,0.2247314453125,7
678,27.12,734.3125,218.125,122.01325225830078,1.6331522464752197,0.39599609375,6
679,27.16,734.5,218.125,121.10084533691406,2.6037845611572266,0.33447265625,6
680,27.2,734.3125,218.125,121.83285522460938,2.0399296283721924,0.2247314453125,6
681,27.24,734.5,218.3125,122.54017639160156,0.6989873647689819,0.39794921875,7
682,27.28,734.375,218.3125,121.81655883789062,2.33555006980896,0.45703125,6
683,27.32,734.125,218.125,122.75173950195312,0.0526069737970829,0.43408203125,7
684,27.36,734.3125,218.125,122.09201049804688,1.5180586576461792,0.445556640625,6
685,27.4,734.125,218.125,122.78475952148438,0.059510212391614914,0.439697265625,7
686,27.44,734.25,218.3125,122.04179382324219,1.6994694471359253,0.404541015625,6
687,27.48,734.25,218.3125,122.67874145507812,0.00548227783292532,0.419677734375,7
688,27.52,734.5,218.5,121.95051574707031,1.8264412879943848,0.375732421875,6
689,27.56,734.5,218.5,121.92188262939453,1.9480547904968262,0.34423828125,6
690,27.6,734.3125,218.5,121.93518829345703,1.837473750114441,0.367431640625,6
691,27.64,734.3125,218.5,121.11834716796875,2.3869385719299316,0.289306640625,6
692,27.68,734.3125,218.625,121.8670425415039,1.737779974937439,0.1636962890625,6
693,27.72,734.5,218.5,121.07401275634766,2.5552000999450684,0.29248046875,6
694,27.76,734.3125,218.4375,121.94667053222656,1.6209100484848022,0.26513671875,6
695,27.8,734.5,218.4375,121.95201873779297,1.7335206270217896,0.313232421875,6
696,27.84,734.5,218.625,122.69580841064453,0.09195680916309357,0.31494140625,7
697,27.88,734.625,218.625,122.00223541259766,1.460357427597046,0.31689453125,6
698,27.92,734.5,218.75,121.99219512939453,1.598275065422058,0.277587890625,6
699,27.96,734.5,218.625,122.8296890258789,-0.2046574354171753,0.292236328125,7
700,28.0,734.8125,218.75,122.03642272949219,1.5519171953201294,0.2454833984375,6
701,28.04,734.75,218.75,121.96832275390625,1.5869455337524414,0.162353515625,6
702,28.08,,,,,,6
703,28.12,,,,,,6
704,28.16,,,,,,7
705,28.2,,,,,,7
706,28.24,,,,,,7
707,28.28,,,,,,7
708,28.32,,,,,,7
709,28.36,816.25,223.4375,124.31847381591797,1.3838251829147339,0.2049560546875,7
710,28.4,,,,,,6
711,28.44,,,,,,7
712,28.48,,,,,,6
713,28.52,,,,,,6
714,28.56,,,,,,6
715,28.6,822.125,223.4375,124.24691009521484,1.6758943796157837,0.1829833984375,7
716,28.64,,,,,,7
717,28.68,,,,,,6
718,28.72,,,,,,6
719,28.76,,,,,,6
720,28.8,,,,,,6
721,28.84,,,,,,6
722,28.88,879.125,224.1875,123.86090850830078,3.017779588699341,0.1519775390625,6
723,28.92,918.375,205.125,,,0.346923828125,6
724,28.96,931.25,205.9375,,,0.2059326171875,6
725,29.0,847.875,222.0,122.82798767089844,1.4973351955413818,0.5,6
726,29.04,859.375,221.75,123.21434783935547,-0.12487560510635376,0.4599609375,6
727,29.08,872.5,222.1875,123.26177978515625,-0.24157263338565826,0.34765625,6
728,29.12,897.25,222.6875,123.39793395996094,0.08242759108543396,0.4091796875,6
729,29.16,907.875,222.75,123.27102661132812,0.03383128345012665,0.269775390625,6
730,29.2,921.0,223.5625,123.3250732421875,-0.014937715604901314,0.5185546875,6
731,29.24,931.875,224.375,123.58582305908203,-0.357373982667923,0.5869140625,6
732,29.28,941.25,224.8125,123.5040512084961,-0.14814476668834686,0.4951171875,6
733,29.32,960.5,225.4375,123.49568176269531,-0.21644333004951477,0.5458984375,6
734,29.36,969.375,226.25,123.59688568115234,-0.43404555320739746,0.2315673828125,6
735,29.4,976.625,227.0625,123.78560638427734,-0.8545888662338257,0.38671875,6
736,29.44,984.0,228.3125,123.70694732666016,-0.4543950855731964,0.355224609375,6
737,29.48,989.5,229.0625,123.76151275634766,-0.3082156777381897,0.26513671875,6
738,29.52,1001.1875,231.25,123.77986145019531,-0.7053937315940857,0.224365234375,6
739,29.56,1005.0,232.125,123.73966217041016,-0.7600762844085693,0.248046875,6
740,29.6,1008.5,233.25,123.67693328857422,-0.9558601975440979,0.23583984375,6
741,29.64,1011.5,233.4375,123.781982421875,-1.1204825639724731,0.359375,6
742,29.68,1013.75,233.75,123.61925506591797,-0.8907144665718079,0.318603515625,6
743,29.72,1013.75,233.9375,123.57577514648438,-0.8932616114616394,0.230224609375,6
744,29.76,1013.75,234.0625,123.6241455078125,-1.024449110031128,0.158203125,6
745,29.8,,,,,,6
746,29.84,,,,,,6
747,29.88,,,,,,6
748,29.92,,,,,,6
749,29.96,,,,,,6
750,30.0,,,,,,6
751,30.04,1012.25,234.375,123.83993530273438,-1.599605679512024,0.1895751953125,6
752,30.08,1011.75,234.375,123.7356185913086,-1.3552666902542114,0.2220458984375,6
753,30.12,950.625,275.125,118.34764099121094,5.2419304847717285,0.346435546875,6
754,30.16,973.125,278.5,118.6300048828125,5.928954601287842,0.39794921875,6
755,30.2,993.5,284.0,118.64904022216797,7.0471673011779785,0.385009765625,6
756,30.24,1016.75,289.25,118.84400177001953,7.997274398803711,0.374755859375,6
757,30.28,1037.5,295.75,118.72346496582031,9.13866901397705,0.323486328125,6
758,30.32,1079.53125,310.5,118.59674072265625,11.291923522949219,0.341552734375,6
759,30.36,1099.875,319.875,118.35936737060547,12.642488479614258,0.29296875,6
760,30.4,1120.625,327.875,118.21192169189453,13.778815269470215,0.326904296875,6
761,30.44,1142.8125,338.75,117.93445587158203,15.220837593078613,0.359375,6
762,30.48,1160.125,348.125,117.65314483642578,16.397687911987305,0.39892578125,6
763,30.52,1198.875,371.5,116.8674545288086,19.41155433654785,0.37744140625,6
764,30.56,1217.875,383.75,116.53590393066406,20.823083877563477,0.323486328125,6
765,30.6,1235.875,396.5,116.02682495117188,22.35209846496582,0.352294921875,6
766,30.64,1253.875,411.25,115.39561462402344,23.939369201660156,0.368408203125,6
767,30.68,1270.625,422.75,115.03890991210938,25.13068389892578,0.5322265625,6
768,30.72,1298.46875,430.875,115.15540313720703,26.03862190246582,0.59814453125,6
769,30.76,1313.5234375,442.205078125,114.84066009521484,27.1216983795166,0.202392578125,6
770,30.8,1324.375,443.5,115.06694030761719,27.252405166625977,0.453369140625,6
771,30.84,1336.328125,450.25,114.88589477539062,27.960729598999023,0.5341796875,6
772,30.88,1347.953125,458.4453125,114.63591766357422,28.680397033691406,0.58203125,6
773,30.92,1368.6875,477.125,114.0946044921875,30.33323097229004,0.60205078125,6
774,30.96,1379.125,487.015625,113.8363265991211,31.104740142822266,0.5322265625,6
775,31.0,1390.3125,497.5,113.44657897949219,32.078704833984375,0.46484375,6
776,31.04,1399.9375,509.84375,113.05992126464844,33.06724548339844,0.56396484375,6
777,31.08,1409.15625,522.65625,112.5943374633789,33.95684814453125,0.48046875,6
778,31.12,1419.0,536.15625,112.03828430175781,35.127159118652344,0.4775390625,6
779,31.16,1435.5625,565.53125,111.0794677734375,37.199134826660156,0.546875,6
780,31.2,1443.5625,581.5,110.51425170898438,38.293182373046875,0.57177734375,6
781,31.24,1450.1875,598.25,109.98213195800781,39.35184097290039,0.4697265625,6
782,31.28,1456.6875,614.875,109.4648208618164,40.31368637084961,0.438720703125,6
783,31.32,1463.75,634.6875,108.80535125732422,41.549041748046875,0.58203125,6
784,31.36,1468.3125,637.5,108.7354507446289,43.82559585571289,0.6298828125,6
785,31.4,1468.625,631.25,109.19245147705078,43.2674674987793,0.626953125,6
786,31.44,1469.0625,625.8125,109.52983856201172,42.9344367980957,0.658203125,6
787,31.48,1469.0625,621.25,109.7789535522461,42.7199821472168,0.625,6
788,31.52,1469.25,617.0,110.10787963867188,42.45916748046875,0.7041015625,6
789,31.56,1468.125,611.375,110.75924682617188,39.79283905029297,0.74609375,6
790,31.6,1467.0,609.25,110.8786392211914,41.94641876220703,0.673828125,6
791,31.64,1465.4375,608.75,110.7593994140625,42.04616928100586,0.69775390625,7
792,31.68,1464.5625,608.75,110.9556884765625,42.24754333496094,0.72119140625,7
793,31.72,1463.4375,608.875,111.08189392089844,42.07252883911133,0.7294921875,7
794,31.76,1458.875,611.125,110.63134002685547,41.53939437866211,0.7294921875,7
795,31.8,1456.5,614.1875,111.24104309082031,42.48543930053711,0.70751953125,6
796,31.84,1453.9375,617.0,111.18075561523438,41.963287353515625,0.7431640625,6
797,31.88,1450.875,621.4375,111.1194076538086,42.00988006591797,0.68603515625,6
798,31.92,1448.125,625.625,110.42266845703125,42.5632438659668,0.6669921875,7
799,31.96,1442.625,636.0625,110.25284576416016,43.550472259521484,0.64404296875,8
800,32.0,1439.5,643.0,110.77082061767578,42.755653381347656,0.552734375,6
801,32.04,1437.0625,649.6875,110.16622924804688,43.942359924316406,0.57568359375,6
802,32.08,1434.0,657.1875,109.82933044433594,44.408103942871094,0.56591796875,6
803,32.12,1431.6875,665.9375,109.41754913330078,45.00703811645508,0.5849609375,6
804,32.16,1426.0625,683.625,108.88971710205078,46.0252799987793,0.556640625,6
805,32.2,1422.6875,693.125,108.42801666259766,46.52583694458008,0.607421875,6
806,32.24,1420.25,704.3125,108.00157928466797,47.261566162109375,0.548828125,6
807,32.28,1417.5625,716.125,107.55829620361328,47.78197479248047,0.6162109375,6
808,32.32,1415.875,727.25,105.16401672363281,50.93508529663086,0.61669921875,6
809,32.36,1414.40625,718.375,105.71681213378906,50.54024124145508,0.56201171875,6
810,32.4,1410.25,713.5,106.08908081054688,50.012210845947266,0.20751953125,6
811,32.44,1416.8125,711.875,106.3595962524414,50.045265197753906,0.367431640625,6
812,32.48,1421.625,712.5,106.43572998046875,50.20817947387695,0.64599609375,6
813,32.52,1428.5,712.25,106.68190002441406,50.307857513427734,0.39599609375,6
814,32.56,1438.5,714.375,109.08757019042969,50.09059524536133,0.65771484375,6
815,32.6,1444.25,717.125,109.20333099365234,50.695335388183594,0.65576171875,5
816,32.64,1449.5625,720.0,109.15194702148438,50.90106201171875,0.68505859375,0
817,32.68,1454.5,722.75,109.10076904296875,51.09761047363281,0.63427734375,0
818,32.72,1458.625,718.25,109.3678207397461,50.74744415283203,0.736328125,0
819,32.76,1467.25,710.875,109.83137512207031,50.17179489135742,0.5908203125,0
820,32.8,1471.0625,707.5,110.04061889648438,49.90976333618164,0.6513671875,0
821,32.84,1475.3125,705.25,110.20480346679688,49.73206329345703,0.6826171875,0
822,32.88,1480.125,703.625,110.34848022460938,49.600643157958984,0.6982421875,0
823,32.92,1484.0625,702.8125,110.4423828125,49.532142639160156,0.61865234375,0
824,32.96,1492.25,704.375,109.31450653076172,53.46085739135742,0.66650390625,6
825,33.0,1496.75,706.25,110.0334243774414,53.616851806640625,0.67724609375,6
826,33.04,1501.0625,709.625,110.13514709472656,54.02119827270508,0.6669921875,7
827,33.08,1505.9375,714.0,109.95067596435547,54.38091278076172,0.68603515625,6
828,33.12,1511.25,712.25,110.15000915527344,54.26947784423828,0.73388671875,6
829,33.16,1523.0,709.5,110.1513671875,54.04848098754883,0.6806640625,6
830,33.2,1530.0,709.375,110.3145523071289,54.11444091796875,0.71484375,6
831,33.24,1536.0,710.125,110.81226348876953,54.623390197753906,0.7490234375,5
832,33.28,1542.5,711.625,110.5943603515625,54.189544677734375,0.69921875,6
833,33.32,1548.5,713.75,110.92594909667969,55.12424087524414,0.49609375,5
834,33.36,1560.25,721.0,110.58927917480469,55.198883056640625,0.70556640625,6
835,33.4,1567.25,719.875,111.02898406982422,54.71989822387695,0.66357421875,5
836,33.44,1573.75,720.25,110.9049301147461,55.145633697509766,0.689453125,6
837,33.48,1579.5,720.25,111.29718017578125,54.83303451538086,0.6259765625,5
838,33.52,1586.0,721.5,111.21007537841797,55.363651275634766,0.552734375,5
839,33.56,1597.5,725.125,110.43802642822266,55.6833381652832,0.5302734375,5
840,33.6,1603.25,724.0,110.58114624023438,55.96355056762695,0.662109375,5
841,33.64,1611.0,724.0,110.84713745117188,56.02055740356445,0.4638671875,5
842,33.68,1591.25,748.5,108.87185668945312,57.06355285644531,0.239013671875,5
843,33.72,1618.125,726.625,110.82273864746094,56.52008819580078,0.337158203125,5
844,33.76,1586.25,739.625,106.40862274169922,66.66883087158203,0.419677734375,4
845,33.8,1592.5,736.75,,,0.193115234375,4
846,33.84,1600.625,732.75,,,0.35009765625,0
847,33.88,1601.0,724.75,,,0.56787109375,4
848,33.92,1599.125,725.5,,,0.60693359375,0
849,33.96,1589.0,725.25,42.33356475830078,59.39201736450195,0.6494140625,5
850,34.0,1582.75,724.875,40.10377883911133,57.3615608215332,0.65234375,5
851,34.04,1579.0,724.625,31.757877349853516,49.49058151245117,0.64501953125,4
852,34.08,1574.25,724.875,31.564666748046875,49.25010681152344,0.658203125,4
853,34.12,1571.5,724.875,33.144142150878906,46.338138580322266,0.62255859375,5
854,34.16,1563.125,724.375,32.98243713378906,46.37018585205078,0.64794921875,0
855,34.2,1558.75,724.25,32.902381896972656,46.39438247680664,0.67236328125,0
856,34.24,1556.0,723.75,32.838104248046875,46.38656997680664,0.6767578125,0
857,34.28,1553.25,724.0,32.79861831665039,46.41974639892578,0.66552734375,0
858,34.32,1550.25,723.625,32.734073638916016,46.42054748535156,0.69677734375,0
859,34.36,1544.5,723.125,32.61750030517578,46.434051513671875,0.65380859375,0
860,34.4,1534.25,723.375,32.44762420654297,46.5205192565918,0.6083984375,0
861,34.44,1528.5,722.5,32.31821823120117,46.51360321044922,0.486328125,0
862,34.48,1517.5,722.125,32.11400604248047,46.57136535644531,0.59375,0
863,34.52,1511.25,723.25,32.043277740478516,46.67717742919922,0.6435546875,0
864,34.56,1499.25,724.375,,,0.39794921875,0
865,34.6,1494.75,724.375,,,0.4736328125,0
866,34.64,1491.25,724.5,,,0.5322265625,0
867,34.68,1487.75,725.375,,,0.256103515625,0
868,34.72,1487.1875,726.25,,,0.235107421875,0
869,34.76,1466.6875,727.0,,,0.206298828125,0
870,34.8,1448.75,726.875,,,0.607421875,0
871,34.84,1435.5,728.375,,,0.6376953125,0
872,34.88,1421.75,730.5,,,0.6318359375,0
873,34.92,1408.90625,733.25,,,0.6669921875,0
874,34.96,1387.28125,734.875,,,0.673828125,0
875,35.0,1377.1875,736.75,,,0.65478515625,0
876,35.04,1368.125,738.75,,,0.6279296875,0
877,35.08,1360.9375,739.75,,,0.75830078125,0
878,35.12,1353.75,740.75,,,0.7578125,0
879,35.16,1340.0,743.625,,,0.625,0
880,35.2,1333.75,744.5,,,0.5361328125,0
881,35.24,1328.25,745.875,,,0.68017578125,0
882,35.28,1321.875,746.375,,,0.5341796875,0
883,35.32,1316.875,746.875,,,0.587890625,0
884,35.36,1305.625,748.5,,,0.5439453125,0
885,35.4,1299.75,748.75,,,0.55810546875,0
886,35.44,1295.0,749.875,,,0.62158203125,0
887,35.48,1289.625,751.25,,,0.6142578125,0
888,35.52,1285.25,751.5,,,0.66015625,0
889,35.56,1277.125,752.5,,,0.53515625,0
890,35.6,1273.125,754.25,,,0.312255859375,0
891,35.64,1268.0,755.25,,,0.64404296875,0
892,35.68,1264.5,754.875,,,0.5869140625,0
893,35.72,1260.5,756.0,,,0.67822265625,0
894,35.76,1252.875,758.0,,,0.57666015625,0
895,35.8,1250.0,758.375,,,0.61669921875,0
896,35.84,1245.75,759.375,,,0.37939453125,0
897,35.88,1242.25,759.75,,,0.57275390625,0
898,35.92,1239.875,760.625,,,0.689453125,0
899,35.96,1235.125,762.5,29.88360595703125,60.93232345581055,0.607421875,5
900,36.0,1232.125,762.875,29.818601608276367,60.95724105834961,0.61328125,0
901,36.04,1229.0,763.5,34.653160095214844,61.50208282470703,0.60205078125,5
902,36.08,1226.125,764.5,34.61482238769531,61.58604431152344,0.5830078125,0
903,36.12,1222.25,764.625,34.32946014404297,61.551700592041016,0.232666015625,5
904,36.16,1197.25,763.5,33.35403060913086,61.35698699951172,0.345947265625,0
905,36.2,1184.5,762.75,32.85472869873047,61.24334716796875,0.609375,0
906,36.24,1170.5,763.0,32.38518142700195,61.21894454956055,0.5546875,0
907,36.28,1158.4375,764.0,32.03779983520508,61.26982498168945,0.5361328125,0
908,36.32,1145.5,764.375,31.624568939208984,61.26044464111328,0.56201171875,0
909,36.36,1122.125,763.25,30.77541160583496,61.082359313964844,0.55810546875,0
910,36.4,1111.5,764.0,30.47731590270996,61.11520004272461,0.6142578125,0
911,36.44,1102.75,763.75,30.178651809692383,61.06502151489258,0.630859375,0
912,36.48,1094.25,763.75,29.906566619873047,61.038150787353516,0.73095703125,0
913,36.52,1086.75,763.75,29.66843605041504,61.01463317871094,0.6943359375,0
914,36.56,1075.3125,763.625,114.13678741455078,25.77520179748535,0.60693359375,4
915,36.6,1069.0,763.75,114.14111328125,25.774845123291016,0.6611328125,0
916,36.64,1065.25,763.625,114.14351654052734,25.774635314941406,0.72412109375,0
917,36.68,1061.25,763.75,99.84732055664062,53.72076416015625,0.72119140625,5
918,36.72,1056.5,764.375,99.66403198242188,53.84528350830078,0.6875,5
919,36.76,1051.0,764.375,99.59160614013672,53.808250427246094,0.68017578125,0
920,36.8,1047.25,764.625,99.59534454345703,53.554481506347656,0.65673828125,5
921,36.84,1044.75,765.0,99.62151336669922,53.40215301513672,0.693359375,5
922,36.88,1042.0,765.875,99.91226196289062,56.541988372802734,0.521484375,5
923,36.92,1038.25,766.0,99.43497467041016,53.3639030456543,0.4072265625,5
924,36.96,1034.5625,765.625,99.35606384277344,53.307491302490234,0.6298828125,5
925,37.0,1032.25,763.375,100.23619079589844,60.525936126708984,0.2998046875,5
926,37.04,1026.0,732.5,101.51256561279297,54.86713790893555,0.376708984375,5
927,37.08,1022.5,706.125,103.00653839111328,55.63949203491211,0.4697265625,5
928,37.12,1018.5,680.75,103.29459381103516,50.70690155029297,0.490234375,6
929,37.16,1014.75,632.9375,106.24330139160156,49.4796142578125,0.58056640625,5
930,37.2,1015.75,613.4375,106.269287109375,46.26115036010742,0.39599609375,6
931,37.24,1101.625,680.4375,104.35340118408203,51.02156066894531,0.1868896484375,6
932,37.28,1103.5,680.9375,104.24134826660156,50.98454666137695,0.174072265625,6
933,37.32,1105.9375,682.8125,104.2400894165039,51.13555908203125,0.1666259765625,6
934,37.36,1109.9375,688.4375,104.0347671508789,51.5146598815918,0.57177734375,0
935,37.4,1109.9375,697.125,102.88001251220703,53.53440856933594,0.2486572265625,6
936,37.44,,,,,,0
937,37.48,,,,,,7
938,37.52,1108.0625,714.875,102.23831939697266,54.85133361816406,0.177490234375,0
939,37.56,,,,,,0
940,37.6,,,,,,5
941,37.64,,,,,,0
942,37.68,1101.5,743.375,102.65918731689453,49.1953239440918,0.1800537109375,0
943,37.72,,,,,,0
944,37.76,,,,,,4
945,37.8,,,,,,5
946,37.84,,,,,,5
947,37.88,1098.1875,773.75,99.50724029541016,53.9223747253418,0.1507568359375,5
948,37.92,,,,,,5
949,37.96,,,,,,5
950,38.0,,,,,,6
951,38.04,,,,,,5
952,38.08,,,,,,4
953,38.12,,,,,,5
954,38.16,,,,,,5
955,38.2,1082.4375,844.125,26.218446731567383,56.85820007324219,0.18798828125,5
956,38.24,1082.0,847.25,100.14140319824219,56.282283782958984,0.36669921875,6
957,38.28,1081.3125,851.5,95.45599365234375,59.39042282104492,0.43310546875,5
958,38.32,1081.78125,854.625,95.26158142089844,59.60911178588867,0.32763671875,5
959,38.36,1079.8125,860.0,99.20558166503906,58.22075653076172,0.43017578125,6
960,38.4,1073.0,874.0,94.56610870361328,59.95299530029297,0.201171875,5
961,38.44,1069.4375,879.375,94.26647186279297,60.19998550415039,0.319091796875,5
962,38.48,1065.3125,881.875,98.78874206542969,58.17060089111328,0.1663818359375,6
963,38.52,1060.46875,884.75,93.71834564208984,60.61119842529297,0.1904296875,5
964,38.56,1056.25,885.625,93.6395263671875,60.7294921875,0.17724609375,5
965,38.6,979.75,838.125,94.17865753173828,58.38299560546875,0.155029296875,5
966,38.64,1043.3125,892.875,98.16943359375,58.59333038330078,0.162109375,6
967,38.68,1038.46875,894.0,93.27328491210938,60.65153121948242,0.369384765625,5
968,38.72,1034.25,892.5,98.47073364257812,57.47132110595703,0.3720703125,6
969,38.76,,,,,,6
970,38.8,,,,,,5
971,38.84,1019.5,892.75,98.50321960449219,57.15830612182617,0.42822265625,6
972,38.88,1016.0,895.375,98.24563598632812,57.712745666503906,0.5078125,6
973,38.92,1012.5,900.875,97.91011810302734,57.6177864074707,0.56298828125,6
974,38.96,1008.5,905.875,97.6171875,57.592552185058594,0.50390625,6
975,39.0,1002.625,919.375,28.359195709228516,71.23419189453125,0.5859375,6
976,39.04,1002.0,927.5,28.745769500732422,71.82626342773438,0.63330078125,6
977,39.08,1002.03125,931.25,96.60613250732422,59.267127990722656,0.272705078125,6
978,39.12,1001.75,931.875,91.79476928710938,61.476783752441406,0.541015625,5
979,39.16,1001.125,932.125,91.82628631591797,61.298622131347656,0.453369140625,5
980,39.2,1002.75,935.375,88.71211242675781,69.41583251953125,0.313232421875,6
981,39.24,1003.75,936.25,88.54247283935547,69.91667938232422,0.5166015625,7
982,39.28,,,,,,7
983,39.32,,,,,,7
984,39.36,,,,,,7
985,39.4,,,,,,7
986,39.44,,,,,,7
987,39.48,1018.515625,935.875,85.055908203125,74.15406036376953,0.218017578125,7
988,39.52,1020.25,940.625,87.48722839355469,68.2490234375,0.494140625,7
989,39.56,1022.25,943.75,,,0.5361328125,7
990,39.6,1025.75,946.25,,,0.273193359375,7
991,39.64,1026.5,944.25,87.09890747070312,67.37088775634766,0.65673828125,6
992,39.68,1026.5625,941.25,83.41947174072266,73.77313995361328,0.67236328125,7
993,39.72,1026.375,939.125,94.62383270263672,55.53141784667969,0.62890625,7
994,39.76,1027.046875,937.875,94.55733489990234,55.3414192199707,0.56689453125,7
995,39.8,1026.625,937.5,89.11398315429688,62.50191116333008,0.64404296875,6
996,39.84,1026.234375,938.0,90.51890563964844,53.881900787353516,0.437744140625,6
997,39.88,,,,,,6
998,39.92,,,,,,6
999,39.96,1025.40625,932.75,88.91450500488281,60.928192138671875,0.260986328125,6
1000,40.0,1022.984375,924.125,90.4767837524414,52.25441360473633,0.437744140625,6
1001,40.04,1022.71875,919.75,88.39714050292969,60.64140701293945,0.451416015625,6
1002,40.08,1023.15625,917.0,88.64385223388672,59.97520446777344,0.55810546875,6
1003,40.12,1021.75,915.875,90.08992004394531,53.565223693847656,0.60107421875,6
1004,40.16,1021.09375,915.0,90.0641860961914,53.35527038574219,0.63525390625,6
1005,40.2,1018.71875,913.5,89.80683135986328,53.247501373291016,0.32373046875,6
1006,40.24,1015.5,915.0,89.18843078613281,53.50190734863281,0.43017578125,6
1007,40.28,1011.609375,911.625,87.92350769042969,59.16263198852539,0.394287109375,6
1008,40.32,1007.5,907.875,87.92186737060547,58.667823791503906,0.445556640625,7
1009,40.36,1003.75,903.5,90.41954803466797,55.06190872192383,0.650390625,6
1010,40.4,997.3515625,895.625,90.35739135742188,54.79030990600586,0.5869140625,6
1011,40.44,992.0,894.375,89.8299789428711,54.9833984375,0.60595703125,6
1012,40.48,987.71875,892.5,89.42594909667969,55.215370178222656,0.1517333984375,6
1013,40.52,,,,,,6
1014,40.56,,,,,,6
1015,40.6,964.5,892.75,88.26347351074219,55.68867492675781,0.17919921875,6
1016,40.64,957.25,889.5,88.03399658203125,55.620853424072266,0.316162109375,6
1017,40.68,952.5,884.5,86.62782287597656,56.470115661621094,0.2705078125,7
1018,40.72,947.25,878.125,85.95171356201172,57.78208541870117,0.2379150390625,7
1019,40.76,895.5,808.75,87.61849975585938,52.57674026489258,0.353515625,7
1020,40.8,903.25,805.25,90.75213623046875,51.18159484863281,0.2166748046875,6
1021,40.84,931.0,866.25,89.02483367919922,52.827266693115234,0.61669921875,7
1022,40.88,926.625,864.625,87.97242736816406,56.220123291015625,0.6279296875,6
1023,40.92,921.875,865.0,88.64753723144531,52.91740036010742,0.64404296875,7
1024,40.96,917.75,864.625,88.65919494628906,52.794647216796875,0.611328125,7
1025,41.0,908.125,860.625,88.375244140625,52.719337463378906,0.451416015625,7
1026,41.04,902.75,857.5,87.95947265625,52.8692626953125,0.153076171875,7
1027,41.08,,,,,,6
1028,41.12,,,,,,6
1029,41.16,893.25,845.5,84.26620483398438,56.75924301147461,0.67724609375,6
1030,41.2,894.75,792.875,86.40129089355469,52.89921951293945,0.325927734375,6
1031,41.24,880.0,840.375,83.65836334228516,56.48808670043945,0.2120361328125,6
1032,41.28,875.0,841.0,83.55778503417969,56.34799575805664,0.5,6
1033,41.32,870.375,841.25,83.69988250732422,56.150978088378906,0.167236328125,6
1034,41.36,907.5,792.0,87.10963439941406,52.344356536865234,0.1953125,6
1035,41.4,902.5,782.25,87.25869750976562,51.67734146118164,0.2210693359375,6
1036,41.44,852.125,835.625,82.93179321289062,56.0400276184082,0.5244140625,6
1037,41.48,893.125,777.75,86.71675872802734,51.75131607055664,0.517578125,6
1038,41.52,892.25,777.25,86.73210144042969,51.72272872924805,0.56201171875,6
1039,41.56,893.75,778.5,86.89974975585938,51.61126708984375,0.4609375,6
1040,41.6,897.5,780.0,90.53425598144531,47.49918746948242,0.2239990234375,7
1041,41.64,901.625,778.375,90.79242706298828,47.26884460449219,0.438720703125,7
1042,41.68,903.5,778.0,90.69915008544922,47.384521484375,0.248291015625,7
1043,41.72,,,,,,7
1044,41.76,,,,,,6
1045,41.8,,,,,,7
1046,41.84,,,,,,7
1047,41.88,895.625,775.25,90.13822174072266,47.34275817871094,0.272705078125,6
1048,41.92,,,,,,7
1049,41.96,,,,,,7
1050,42.0,888.125,767.5,86.30025482177734,51.248477935791016,0.43017578125,6
1051,42.04,891.625,770.375,86.27973175048828,51.45151901245117,0.1702880859375,6
1052,42.08,892.5,771.625,85.93492889404297,51.82352828979492,0.349609375,6
1053,42.12,,,,,,7
1054,42.16,,,,,,6
1055,42.2,,,,,,7
1056,42.24,,,,,,7
1057,42.28,,,,,,7
1058,42.32,,,,,,7
1059,42.36,,,,,,7
1060,42.4,,,,,,7
1061,42.44,887.25,757.5,90.54934692382812,46.253597259521484,0.230224609375,6
1062,42.48,,,,,,6
1063,42.52,,,,,,6
1064,42.56,886.875,758.125,90.32604217529297,46.295860290527344,0.37744140625,7
1065,42.6,887.125,759.0,86.7590103149414,50.51338195800781,0.218017578125,6
1066,42.64,,,,,,6
1067,42.68,,,,,,6
1068,42.72,,,,,,7
1069,42.76,,,,,,7
1070,42.8,,,,,,6
1071,42.84,,,,,,6
1072,42.88,,,,,,6
1073,42.92,853.75,746.25,85.40289306640625,50.0365104675293,0.4677734375,6
